sym,strat,score,entry,entry_date,sl,tg,qty,val,days,regime,tier,exit,exit_date,reason,costs,pnl
HEROMOTOCO,MOM,9.0,2227.09,2019-06-04,2101.58,2415.36,22,48996.07098671802,8,2,NIFTY50,2099.48,2019-06-14,SL,140.2,-2947.65
ULTRACEMCO,MOM,9.0,4611.9,2019-06-04,4381.42,4957.61,10,46118.967039295865,8,2,NIFTY50,4377.04,2019-06-14,SL,132.38,-2480.99
AXISBANK,MOM,12.0,796.58,2019-06-17,762.24,848.1,62,49387.9981748159,3,2,NIFTY50,761.48,2019-06-19,SL,142.23,-2318.57
COALINDIA,MOM,9.0,142.71,2019-06-04,135.82,153.05,350,49949.6477051188,12,2,NIFTY50,143.28,2019-06-20,TIME,147.2,52.71
BAJFINANCE,MOM,12.0,344.64,2019-06-17,329.43,367.44,145,49972.218280082874,12,2,NIFTY50,361.7,2019-07-02,TIME,150.44,2322.6
TITAN,MOM,13.0,1245.76,2019-06-20,1192.22,1326.09,40,49830.537059727285,12,2,NIFTY50,1246.79,2019-07-05,TIME,146.63,-105.58
ICICIBANK,MOM,13.0,419.35,2019-06-21,399.38,449.3,119,49902.44061959288,12,2,NIFTY50,410.51,2019-07-08,TIME,145.32,-1197.24
BAJAJFINSV,MOM,13.0,849.09,2019-07-03,821.81,889.99,58,49246.93378394409,4,2,NIFTY50,820.99,2019-07-08,SL,142.58,-1772.48
LT,MOM,14.0,1380.48,2019-07-08,1323.9,1465.36,36,49697.43134403006,1,2,NIFTY50,1322.58,2019-07-08,SL,143.27,-2227.81
HINDUNILVR,MOM,13.0,1785.32,2019-09-23,1703.71,1907.74,28,49989.022242860636,12,2,NIFTY50,1768.06,2019-10-10,TIME,146.37,-629.66
HDFCLIFE,MOM,13.0,556.05,2019-09-23,522.57,606.28,89,49488.747035981105,12,2,NIFTY50,574.42,2019-10-10,TIME,147.84,1487.46
MCX,MOM,12.0,175.09,2019-09-23,158.69,199.69,285,49899.679057619,12,2,MIDCAP,188.37,2019-10-10,TIME,152.06,3633.39
SBILIFE,MOM,12.0,822.8,2019-10-11,775.75,893.37,60,49367.774734939776,5,1,NIFTY50,892.48,2019-10-17,TARGET,151.05,4029.55
MCX,MOM,13.0,188.58,2019-10-18,171.48,214.24,265,49974.66661916158,3,2,MIDCAP,213.81,2019-10-23,TARGET,156.32,6530.03
DIXON,MOM,11.0,602.34,2019-10-11,543.56,690.52,83,49994.39171431029,12,1,MIDCAP,591.1,2019-10-30,TIME,145.75,-1079.04
ASIANPAINT,MOM,11.0,1698.65,2019-10-11,1614.92,1824.24,29,49260.77737651551,12,1,NIFTY50,1730.41,2019-10-30,TIME,146.18,774.8
TITAN,MOM,13.0,1298.06,2019-10-31,1224.92,1407.76,38,49326.225998079804,5,2,NIFTY50,1141.62,2019-11-06,SL_GAP,136.79,-6081.65
HDFCLIFE,MOM,14.0,601.31,2019-10-24,568.1,651.12,83,49908.44122283098,10,2,NIFTY50,567.53,2019-11-07,SL,142.89,-2946.47
HINDUNILVR,MOM,13.0,1931.19,2019-11-08,1860.14,2037.76,25,48279.662586866274,5,2,NIFTY50,1858.28,2019-11-15,SL,139.47,-1962.22
BHARTIARTL,MOM,13.0,350.88,2019-10-31,318.59,399.33,142,49825.6257347835,12,2,NIFTY50,398.93,2019-11-18,TARGET,156.07,6667.13
DIXON,MOM,13.0,671.0,2019-11-19,612.77,758.36,74,49654.31752299932,2,2,MIDCAP,611.54,2019-11-20,SL,139.91,-4539.62
BAJFINANCE,MOM,14.0,411.34,2019-11-07,389.2,444.56,121,49772.55481527223,12,2,NIFTY50,404.37,2019-11-25,TIME,145.22,-988.51
ICICIBANK,MOM,13.0,482.87,2019-11-18,457.45,520.99,103,49735.3162589812,12,2,NIFTY50,492.14,2019-12-03,TIME,147.63,807.63
DIXON,MOM,14.0,618.46,2019-11-21,552.52,717.37,80,49476.73888297306,12,2,MIDCAP,686.34,2019-12-06,TIME,153.11,5277.11
BHARTIARTL,MOM,13.0,425.81,2019-11-26,389.27,480.61,117,49819.506567626224,12,2,NIFTY50,422.81,2019-12-11,TIME,146.05,-497.24
KOTAKBANK,MOM,13.0,327.62,2019-12-04,316.2,344.75,152,49798.23223129125,12,2,NIFTY50,344.41,2019-12-19,TARGET,150.03,2401.33
MCX,MOM,12.0,211.83,2019-12-09,197.93,232.67,236,49991.53130198033,12,2,MIDCAP,215.21,2019-12-24,TIME,148.16,649.98
BHARTIARTL,MOM,12.0,423.8,2019-12-12,392.23,471.15,117,49584.40314246361,12,2,NIFTY50,439.76,2019-12-30,TIME,148.45,1718.74
DIXON,MOM,13.0,736.35,2019-12-20,687.47,809.67,67,49335.53663111742,12,2,MIDCAP,808.05,2020-01-07,TARGET,151.82,4652.12
SBILIFE,MOM,13.0,987.21,2019-12-26,940.89,1056.68,50,49360.35421374924,12,2,NIFTY50,976.11,2020-01-10,TIME,144.42,-699.65
BHARTIARTL,MOM,12.0,440.16,2019-12-31,412.53,481.61,113,49738.17316767905,12,2,NIFTY50,446.78,2020-01-15,TIME,147.34,600.47
MCX,MOM,13.0,237.64,2020-01-08,223.05,259.53,210,49904.73974810341,7,2,MIDCAP,259.01,2020-01-16,TARGET,153.06,4334.84
BHARTIARTL,MOM,12.0,448.96,2020-01-16,424.49,485.67,111,49835.00679255787,3,2,NIFTY50,485.18,2020-01-20,TARGET,152.2,3868.7
DRREDDY,MOM,13.0,565.36,2020-01-13,546.38,593.81,88,49751.297510052435,8,2,NIFTY50,593.22,2020-01-22,TARGET,149.76,2301.58
ADANIENT,MOM,13.0,214.17,2020-01-17,201.53,233.14,233,49902.41969544684,7,2,NIFTY50,232.91,2020-01-27,TARGET,152.87,4212.82
BHARTIARTL,MOM,13.0,492.79,2020-01-23,465.86,533.19,101,49771.65976315594,4,2,NIFTY50,465.39,2020-01-28,SL,142.54,-2909.52
BAJAJFINSV,MOM,14.0,956.66,2020-01-21,926.15,1002.43,52,49746.48106634322,10,2,NIFTY50,892.1,2020-02-03,SL_GAP,141.64,-3498.98
ADANIENT,MOM,13.0,234.4,2020-02-07,217.74,259.39,213,49927.40528798682,12,2,NIFTY50,243.88,2020-02-25,TIME,149.67,1869.09
BAJAJFINSV,MOM,13.0,959.26,2020-02-07,914.49,1026.43,52,49881.69182838943,12,2,NIFTY50,948.88,2020-02-25,TIME,145.97,-685.78
TITAN,MOM,13.0,1241.16,2020-02-07,1180.8,1331.7,40,49646.322776194225,12,2,NIFTY50,1234.81,2020-02-25,TIME,145.68,-399.78
DRREDDY,MOM,11.0,742.14,2020-05-04,678.53,837.55,67,49723.30798898221,12,1,NIFTY50,711.72,2020-05-19,TIME,143.41,-2181.39
RELIANCE,MOM,11.0,641.86,2020-05-04,574.53,742.86,77,49423.600243078494,12,1,NIFTY50,632.69,2020-05-19,TIME,144.38,-850.58
NESTLEIND,MOM,10.0,814.82,2020-05-04,743.68,921.53,61,49704.13399242145,12,1,NIFTY50,753.9,2020-05-19,TIME,141.02,-3857.11
DIXON,MOM,12.0,909.84,2020-05-27,821.04,1043.03,54,49131.20586283185,5,1,MIDCAP,1040.94,2020-06-02,TARGET,154.39,6925.22
BHARTIARTL,MOM,12.0,536.8,2020-05-27,486.78,611.85,93,49922.85270890038,12,1,NIFTY50,526.99,2020-06-11,TIME,145.57,-1057.49
ULTRACEMCO,MOM,11.0,3690.39,2020-05-27,3377.6,4159.58,13,47975.08025004909,12,1,NIFTY50,3589.9,2020-06-11,TIME,139.3,-1445.67
DRREDDY,MOM,12.0,757.33,2020-06-03,704.36,836.78,66,49983.6943488425,12,1,NIFTY50,770.86,2020-06-18,TIME,148.27,744.68
DIXON,MOM,12.0,969.83,2020-06-12,881.28,1102.65,51,49461.145837731645,5,1,MIDCAP,1100.44,2020-06-18,TARGET,154.78,6506.57
BRITANNIA,MOM,11.0,3013.7,2020-06-12,2810.89,3317.92,16,48219.25630317259,12,1,NIFTY50,3175.75,2020-06-29,TIME,145.45,2447.41
HDFCLIFE,MOM,11.0,510.65,2020-06-19,473.82,565.91,97,49533.26053831207,11,1,NIFTY50,565.34,2020-07-03,TARGET,153.1,5152.23
MCX,MOM,11.0,239.01,2020-06-19,219.82,267.8,209,49953.10989637258,12,1,MIDCAP,238.86,2020-07-06,TIME,146.89,-178.49
HAL,MOM,12.0,383.35,2020-07-06,348.2,436.08,130,49835.64061622024,1,1,MIDCAP,435.21,2020-07-06,TARGET,156.0,6585.52
BHARTIARTL,MOM,11.0,547.33,2020-06-30,510.4,602.73,91,49807.06687055297,12,1,NIFTY50,538.22,2020-07-15,TIME,145.35,-974.8
MCX,MOM,12.0,243.32,2020-07-07,227.76,266.66,205,49880.93798232867,10,1,MIDCAP,266.13,2020-07-20,TARGET,153.24,4522.13
HDFCLIFE,MOM,12.0,581.39,2020-07-07,545.0,635.98,86,49999.63771059635,12,1,NIFTY50,599.86,2020-07-22,TIME,149.28,1439.07
RELIANCE,MOM,12.0,834.47,2020-07-16,778.25,918.79,59,49233.53835617121,6,1,NIFTY50,917.87,2020-07-23,TARGET,151.68,4768.99
BHARTIARTL,MOM,12.0,554.99,2020-07-21,521.68,604.95,90,49948.685147572796,5,1,NIFTY50,521.16,2020-07-27,SL,142.67,-3187.52
DIXON,MOM,12.0,1519.53,2020-07-24,1402.26,1695.42,32,48624.898035433216,3,1,MIDCAP,1399.46,2020-07-28,SL,137.66,-3980.04
DRREDDY,MOM,13.0,793.66,2020-07-23,756.74,849.03,62,49206.67148179667,6,1,NIFTY50,850.74,2020-07-30,TARGET_GAP,149.68,3389.06
DIXON,MOM,13.0,1429.74,2020-07-29,1301.97,1621.4,34,48611.296467122855,4,1,MIDCAP,1618.16,2020-08-03,TARGET,151.93,6254.25
APOLLOHOSP,MOM,12.0,1548.76,2020-08-04,1426.34,1732.39,32,49560.34779376252,5,1,NIFTY50,1731.69,2020-08-10,TARGET_GAP,153.95,5699.75
ASIANPAINT,MOM,13.0,1701.91,2020-07-28,1609.64,1840.32,29,49355.45420189727,12,1,NIFTY50,1715.94,2020-08-12,TIME,145.74,261.02
DRREDDY,MOM,12.0,868.95,2020-07-31,821.95,939.45,57,49530.123735011686,12,1,NIFTY50,874.99,2020-08-17,TIME,146.17,197.95
ADANIENT,MOM,12.0,195.72,2020-08-11,178.69,221.26,255,49908.748598390084,7,1,NIFTY50,221.04,2020-08-19,TARGET,155.81,6300.47
ADANIENT,MOM,12.0,240.86,2020-08-20,219.39,273.06,207,49857.219630169995,4,1,NIFTY50,272.79,2020-08-25,TARGET,155.88,6453.0
HINDZINC,MOM,12.0,139.29,2020-08-13,125.14,160.52,358,49865.10362155876,12,1,MIDCAP,135.71,2020-08-28,TIME,144.89,-1428.06
BRITANNIA,MOM,12.0,3508.3,2020-08-18,3348.97,3747.3,14,49116.22656396415,12,1,NIFTY50,3502.99,2020-09-02,TIME,144.37,-218.72
ADANIENT,MOM,11.0,298.57,2020-08-26,266.08,347.31,167,49861.81780183836,12,1,NIFTY50,297.28,2020-09-10,TIME,146.36,-361.86
HCLTECH,MOM,12.0,565.23,2020-09-11,533.85,612.32,88,49740.64390924322,2,1,NIFTY50,611.71,2020-09-14,TARGET,152.01,3938.03
EICHERMOT,MOM,12.0,2123.44,2020-08-31,1972.99,2349.11,23,48839.101430826566,12,1,NIFTY50,2038.81,2020-09-15,TIME,140.94,-2087.43
GRASIM,MOM,11.0,665.99,2020-09-03,616.76,739.83,75,49948.98816262559,12,1,NIFTY50,722.87,2020-09-18,TIME,152.88,4113.4
DIXON,MOM,13.0,1899.66,2020-09-21,1734.54,2147.34,26,49391.15890086116,1,1,MIDCAP,1731.07,2020-09-21,SL,139.16,-4522.48
MCX,MOM,12.0,337.52,2020-09-15,306.5,384.06,148,49953.574952203366,6,1,MIDCAP,305.89,2020-09-22,SL,140.4,-4822.08
HCLTECH,MOM,12.0,628.94,2020-09-16,587.31,691.39,79,49686.17325462456,12,1,NIFTY50,645.88,2020-10-01,TIME,148.02,1189.93
DRREDDY,MOM,11.0,1003.01,2020-10-05,933.93,1106.62,49,49147.34761633203,12,1,NIFTY50,981.86,2020-10-20,TIME,143.12,-1179.28
APOLLOHOSP,MOM,11.0,2070.03,2020-10-05,1914.71,2303.01,24,49680.69622657259,12,1,NIFTY50,2181.51,2020-10-20,TIME,149.86,2525.77
RELIANCE,MOM,11.0,1013.83,2020-10-05,961.73,1091.98,49,49677.65567897636,12,1,NIFTY50,972.08,2020-10-20,TIME,143.27,-2189.0
HCLTECH,MOM,12.0,701.34,2020-10-21,649.55,779.03,71,49795.28314701705,10,1,NIFTY50,648.9,2020-11-03,SL,141.27,-3864.48
ADANIENT,MOM,12.0,321.54,2020-10-21,292.74,364.74,155,49838.85137940724,12,1,NIFTY50,351.54,2020-11-05,TIME,153.09,4497.43
ASIANPAINT,MOM,12.0,2037.7,2020-10-21,1944.56,2177.41,24,48904.86372950747,12,1,NIFTY50,2140.29,2020-11-05,TIME,147.28,2314.96
DIXON,MOM,11.0,1901.59,2020-11-04,1742.75,2139.85,26,49441.331361267396,8,1,MIDCAP,2135.57,2020-11-13,TARGET,153.92,5929.57
ADANIENT,MOM,12.0,351.5,2020-11-06,323.57,393.39,142,49912.74140634808,7,1,NIFTY50,393.0,2020-11-17,TARGET,155.04,5737.48
ASIANPAINT,MOM,12.0,2140.41,2020-11-06,2031.49,2303.79,23,49229.44622227136,12,1,NIFTY50,2111.22,2020-11-24,TIME,143.86,-815.13
ADANIENT,MOM,12.0,393.39,2020-11-18,366.81,433.26,127,49960.327778531995,10,1,NIFTY50,432.83,2020-12-02,TARGET,153.94,4854.53
APOLLOHOSP,MOM,12.0,2256.78,2020-11-17,2071.15,2535.21,22,49649.084935840016,12,1,NIFTY50,2356.7,2020-12-03,TIME,149.1,2049.04
ASIANPAINT,MOM,13.0,2105.25,2020-11-25,2014.37,2241.56,23,48420.69332100873,6,2,NIFTY50,2239.32,2020-12-03,TARGET,146.73,2936.84
ADANIENT,MOM,13.0,453.1,2020-12-03,417.51,506.49,110,49841.34357718411,12,2,NIFTY50,453.59,2020-12-18,TIME,146.68,-92.45
WIPRO,MOM,13.0,166.6,2020-12-04,158.99,178.02,300,49980.67481584186,12,2,NIFTY50,162.98,2020-12-21,TIME,145.49,-1232.34
TATASTEEL,MOM,13.0,53.77,2020-12-04,50.55,58.61,929,49954.63001075539,12,2,NIFTY50,50.5,2020-12-21,SL,142.69,-3181.03
HCLTECH,MOM,14.0,703.1,2020-12-22,666.47,758.04,71,49919.95529655886,6,2,NIFTY50,757.28,2020-12-30,TARGET,152.2,3694.72
ASIANPAINT,MOM,13.0,2486.77,2020-12-21,2378.66,2648.95,20,49735.489489639454,8,2,NIFTY50,2646.3,2020-12-31,TARGET,150.75,3039.87
WIPRO,MOM,12.0,175.88,2020-12-31,167.76,188.05,284,49948.749800771926,4,2,NIFTY50,187.86,2021-01-05,TARGET,151.68,3251.19
DRREDDY,MOM,13.0,990.92,2020-12-22,940.74,1066.19,50,49546.033926034645,12,2,NIFTY50,1020.54,2021-01-07,TIME,147.8,1333.16
WIPRO,MOM,13.0,186.86,2021-01-06,178.47,199.44,267,49890.7189374673,4,2,NIFTY50,200.76,2021-01-11,TARGET_GAP,151.93,3558.64
ADANIENT,MOM,13.0,476.32,2021-01-01,432.45,542.12,104,49537.280732956235,12,2,NIFTY50,506.11,2021-01-18,TIME,150.03,2948.41
TATASTEEL,MOM,13.0,62.65,2021-01-08,58.65,68.64,798,49993.40925535664,7,2,NIFTY50,58.59,2021-01-18,SL,142.54,-3381.34
HEROMOTOCO,MOM,13.0,2619.3,2021-01-19,2483.88,2822.42,19,49766.62300480404,4,2,NIFTY50,2819.6,2021-01-22,TARGET,151.69,3653.96
DRREDDY,MOM,13.0,987.1,2021-01-19,943.57,1052.4,50,49354.93392819451,6,2,NIFTY50,942.63,2021-01-27,SL,142.07,-2365.75
WIPRO,MOM,13.0,206.67,2021-01-12,196.22,222.35,241,49808.10341636424,12,2,NIFTY50,199.32,2021-01-28,TIME,144.03,-1916.22
BAJAJFINSV,MOM,12.0,903.07,2021-01-29,845.9,988.82,55,49668.71673306365,3,2,NIFTY50,987.83,2021-02-02,TARGET,152.6,4509.26
APOLLOHOSP,MOM,14.0,2579.73,2021-01-25,2428.81,2806.12,19,49014.88060402356,12,2,NIFTY50,2718.2,2021-02-10,TIME,147.84,2483.15
HEROMOTOCO,MOM,14.0,2758.46,2021-01-28,2587.88,3014.33,18,49652.29022932707,12,2,NIFTY50,2898.72,2021-02-12,TIME,149.57,2375.11
ADANIENT,MOM,13.0,653.07,2021-02-11,601.44,730.5,76,49633.14333484391,3,2,NIFTY50,729.77,2021-02-15,TARGET,154.13,5675.03
WIPRO,MOM,12.0,198.93,2021-02-03,184.74,220.21,251,49931.29448872219,12,2,NIFTY50,199.8,2021-02-18,TIME,147.17,71.47
ADANIENT,MOM,13.0,758.92,2021-02-16,695.05,854.71,65,49329.579141106595,8,2,NIFTY50,853.86,2021-02-25,TARGET,153.71,6017.08
SUNPHARMA,MOM,13.0,602.14,2021-02-15,561.19,663.57,83,49977.58045409611,12,2,NIFTY50,584.01,2021-03-02,TIME,144.9,-1649.58
APOLLOHOSP,MOM,13.0,3053.27,2021-02-19,2825.69,3394.64,16,48852.30035742521,12,2,NIFTY50,2822.86,2021-03-08,SL,138.55,-3825.04
VEDL,MOM,13.0,98.41,2021-02-26,91.03,109.48,508,49993.08006455581,7,2,MIDCAP,109.26,2021-03-08,TARGET,154.74,5357.59
BEL,MOM,13.0,47.22,2021-03-03,43.42,52.93,1058,49963.5833327232,5,2,NIFTY50,43.38,2021-03-09,SL,141.27,-4207.61
DSSL,MOM,12.0,64.46,2021-03-09,55.91,77.28,775,49953.86976690279,6,2,SMALLCAP,76.97,2021-03-17,TARGET,160.48,9535.45
HINDZINC,MOM,13.0,202.96,2021-03-09,186.28,227.97,246,49927.15090992419,7,2,MIDCAP,185.91,2021-03-18,SL,141.0,-4335.93
DIXON,MOM,14.0,3829.26,2021-03-24,3428.51,4430.39,13,49780.44055526163,2,2,MIDCAP,3421.65,2021-03-25,SL,139.03,-5437.92
GRASIM,MOM,13.0,1339.75,2021-03-10,1255.08,1466.75,37,49570.775804740784,12,2,NIFTY50,1363.85,2021-03-26,TIME,147.05,744.81
ADANIENT,MOM,13.0,1036.52,2021-03-31,938.73,1183.21,48,49752.9768878531,4,2,NIFTY50,1182.03,2021-04-06,TARGET,156.09,6828.24
TATASTEEL,MOM,13.0,68.42,2021-03-31,62.75,76.93,730,49948.07890072106,6,2,NIFTY50,76.85,2021-04-08,TARGET,155.5,6000.64
DSSL,MOM,13.0,76.37,2021-03-24,64.89,93.6,654,49946.53866942337,12,2,SMALLCAP,72.89,2021-04-12,TIME,143.74,-2417.02
SHRIRAMFIN,MOM,13.0,273.44,2021-04-08,250.94,307.19,182,49765.57438494349,3,2,NIFTY50,250.69,2021-04-12,SL,140.6,-4281.27
VEDL,MOM,13.0,114.39,2021-04-09,108.76,122.82,437,49986.31755646604,2,2,MIDCAP,108.09,2021-04-12,SL_GAP,143.2,-2895.88
SBILIFE,MOM,12.0,922.72,2021-04-29,872.22,998.47,54,49826.81721661256,5,2,NIFTY50,997.47,2021-05-05,TARGET,152.2,3884.38
HINDALCO,MOM,12.0,354.92,2021-04-29,324.59,400.41,140,49688.918921098644,8,2,NIFTY50,400.01,2021-05-10,TARGET,154.96,6157.58
APOLLOHOSP,MOM,13.0,3275.49,2021-05-10,3067.41,3587.61,15,49132.316570649426,4,2,NIFTY50,3064.34,2021-05-14,SL,140.09,-3307.3
VEDL,MOM,13.0,138.45,2021-05-11,128.66,153.15,361,49981.7592941031,3,2,MIDCAP,128.4,2021-05-14,SL,141.96,-3769.04
WIPRO,MOM,12.0,227.83,2021-04-29,214.58,247.7,219,49894.81113550503,12,2,NIFTY50,230.65,2021-05-17,TIME,147.62,470.29
WIPRO,MOM,12.0,232.13,2021-05-18,218.91,251.96,215,49908.08026297106,11,2,NIFTY50,251.71,2021-06-01,TARGET,152.67,4056.61
APOLLOHOSP,MOM,12.0,3136.17,2021-05-18,2938.52,3432.65,15,47042.522586036124,12,2,NIFTY50,3228.12,2021-06-02,TIME,140.29,1238.94
DRREDDY,MOM,11.0,1026.34,2021-05-18,973.5,1105.6,48,49264.13788873337,12,2,NIFTY50,1028.56,2021-06-02,TIME,145.06,-38.28
ADANIENT,MOM,13.0,1561.77,2021-06-03,1438.23,1747.08,32,49976.6499740177,8,2,NIFTY50,1436.52,2021-06-14,SL_GAP,141.41,-4149.44
SHRIRAMFIN,MOM,13.0,256.94,2021-06-02,237.55,286.02,194,49845.98695352186,12,2,NIFTY50,259.59,2021-06-17,TIME,147.34,366.07
GRASIM,MOM,13.0,1405.09,2021-06-03,1322.87,1528.41,35,49177.99172535227,12,2,NIFTY50,1436.77,2021-06-18,TIME,146.21,962.67
GRAVITA,MOM,12.0,117.79,2021-06-15,106.49,134.72,424,49941.27680352556,12,2,SMALLCAP,124.73,2021-06-30,TIME,151.02,2793.53
BAJFINANCE,MOM,13.0,597.14,2021-06-18,562.78,648.69,83,49562.68891141371,12,2,NIFTY50,594.26,2021-07-05,TIME,145.45,-384.11
WIPRO,MOM,13.0,251.9,2021-06-21,241.54,267.44,198,49875.94338070733,12,2,NIFTY50,245.79,2021-07-06,TIME,145.01,-1355.12
GRASIM,MOM,13.0,1461.52,2021-07-01,1393.28,1563.9,34,49691.82724028894,12,2,NIFTY50,1525.6,2021-07-16,TIME,149.21,2029.62
BAJFINANCE,MOM,13.0,609.9,2021-07-07,580.58,653.87,81,49401.709305982804,10,2,NIFTY50,580.0,2021-07-20,SL,141.93,-2563.88
POWERINDIA,MOM,13.0,1914.45,2021-07-06,1786.14,2106.92,26,49775.7390479474,12,2,MIDCAP,1918.11,2021-07-22,TIME,146.55,-51.38
BSE,MOM,13.0,140.08,2021-07-22,127.25,159.32,356,49867.74562200186,2,2,MIDCAP,127.0,2021-07-23,SL,140.18,-4798.26
ASIANPAINT,MOM,13.0,2990.68,2021-07-23,2876.77,3161.54,16,47850.85610584971,4,2,NIFTY50,2873.89,2021-07-28,SL,138.14,-2006.73
HINDALCO,MOM,14.0,406.22,2021-07-29,385.07,437.94,123,49964.72411398155,1,2,NIFTY50,437.5,2021-07-29,TARGET,152.34,3695.35
INFY,MOM,13.0,1346.74,2021-07-19,1296.86,1421.56,37,49829.25527915627,10,2,NIFTY50,1420.14,2021-08-02,TARGET,150.36,2565.38
SBIN,MOM,13.0,391.72,2021-07-26,376.18,415.04,127,49748.45961423294,8,2,NIFTY50,414.62,2021-08-04,TARGET,150.39,2758.54
SBIN,MOM,13.0,422.12,2021-08-05,402.46,451.61,118,49810.17920614998,1,2,NIFTY50,402.06,2021-08-05,SL,143.21,-2510.58
GRASIM,MOM,14.0,1531.28,2021-08-03,1457.24,1642.35,32,49001.05135667621,6,2,NIFTY50,1455.78,2021-08-10,SL,140.76,-2556.67
VEDL,MOM,14.0,140.04,2021-07-30,131.18,153.33,357,49993.90785043344,9,2,MIDCAP,153.02,2021-08-11,TARGET,153.53,4481.52
SBIN,MOM,14.0,406.28,2021-08-06,384.87,438.39,123,49972.340000532684,8,2,NIFTY50,384.49,2021-08-17,SL,143.25,-2824.02
VEDL,MOM,13.0,156.61,2021-08-12,145.93,172.64,319,49959.56321482923,4,2,MIDCAP,145.64,2021-08-17,SL,142.06,-3642.08
BAJAJFINSV,MOM,12.0,1408.48,2021-08-11,1340.48,1510.48,35,49296.91320802745,6,2,NIFTY50,1508.97,2021-08-18,TARGET,149.91,3367.22
VEDL,MOM,13.0,143.59,2021-08-18,130.04,163.92,348,49970.71073461411,2,2,MIDCAP,129.78,2021-08-20,SL,140.28,-4946.19
WIPRO,MOM,13.0,293.98,2021-08-18,281.81,312.23,170,49976.28581859883,12,2,NIFTY50,302.32,2021-09-03,TIME,148.98,1268.91
APOLLOHOSP,MOM,13.0,4665.6,2021-08-20,4345.97,5145.03,10,46655.979323060004,12,2,NIFTY50,4929.1,2021-09-06,TIME,140.92,2494.1
GRAVITA,MOM,13.0,185.12,2021-08-23,162.17,219.54,270,49982.50355963396,12,2,SMALLCAP,193.87,2021-09-07,TIME,150.32,2212.04
WIPRO,MOM,13.0,319.06,2021-09-07,305.95,338.73,156,49773.97354538897,2,2,NIFTY50,305.64,2021-09-08,SL,143.49,-2236.38
ADANIENT,MOM,12.0,1570.77,2021-09-06,1472.12,1718.74,31,48693.84336875172,9,2,NIFTY50,1470.65,2021-09-17,SL,138.9,-3242.69
LT,MOM,12.0,1600.17,2021-09-08,1532.83,1701.19,31,49605.34294570337,12,2,NIFTY50,1699.49,2021-09-24,TARGET,150.21,2928.67
WIPRO,MOM,13.0,305.61,2021-09-09,292.23,325.67,163,49814.07444446284,12,2,NIFTY50,301.77,2021-09-27,TIME,145.65,-772.09
APOLLOHOSP,MOM,14.0,4695.06,2021-09-27,4367.99,5185.66,10,46950.606510466394,2,2,NIFTY50,4363.62,2021-09-28,SL,133.47,-3447.85
GRAVITA,MOM,13.0,195.72,2021-09-20,174.87,227.0,255,49908.884946194215,12,2,SMALLCAP,200.54,2021-10-05,TIME,148.51,1080.46
BSE,MOM,14.0,133.45,2021-09-29,123.05,149.04,374,49910.05369716883,9,2,MIDCAP,148.74,2021-10-11,TARGET,154.79,5564.39
WIPRO,MOM,13.0,302.37,2021-09-28,288.63,322.98,165,49891.20733633174,12,2,NIFTY50,310.4,2021-10-13,TIME,148.6,1175.78
VEDL,MOM,13.0,155.35,2021-10-06,145.46,170.2,321,49868.39630438034,7,2,MIDCAP,169.86,2021-10-14,TARGET,153.18,4504.4
SBIN,MOM,13.0,430.36,2021-10-12,408.23,463.56,116,49921.88691809613,6,2,NIFTY50,463.1,2021-10-20,TARGET,152.14,3645.29
ADANIENT,MOM,13.0,1578.76,2021-10-14,1472.08,1738.78,31,48941.64908823592,10,2,NIFTY50,1470.61,2021-10-28,SL,139.28,-3491.99
GRASIM,MOM,13.0,1723.42,2021-10-18,1628.48,1865.82,29,49979.06374915335,12,2,NIFTY50,1702.45,2021-11-02,TIME,146.16,-754.27
GRAVITA,MOM,14.0,202.84,2021-10-21,183.25,232.21,246,49897.985468475985,12,2,SMALLCAP,221.86,2021-11-08,TIME,153.31,4526.64
SBIN,MOM,14.0,459.2,2021-10-29,433.35,497.99,108,49594.085745769815,12,2,NIFTY50,452.44,2021-11-16,TIME,144.86,-875.1
VEDL,MOM,13.0,164.83,2021-11-09,149.69,187.53,303,49942.46599324021,8,2,MIDCAP,149.39,2021-11-18,SL,140.38,-4818.51
HFCL,MOM,13.0,75.36,2021-11-03,67.88,86.59,663,49965.91538655518,12,2,MIDCAP,69.72,2021-11-22,TIME,141.74,-3884.34
ADANIENT,MOM,13.0,1712.66,2021-11-17,1584.66,1904.65,29,49667.07693201317,12,2,NIFTY50,1703.35,2021-12-03,TIME,145.71,-415.63
VEDL,MOM,12.0,189.53,2022-01-04,176.88,208.5,263,49845.31892830528,1,2,MIDCAP,176.53,2022-01-04,SL,141.85,-3561.84
TECHM,MOM,12.0,1562.25,2022-01-04,1481.73,1683.03,32,49991.928474864275,3,2,NIFTY50,1480.25,2022-01-06,SL,143.38,-2767.44
ADANIENT,MOM,12.0,1724.4,2022-01-04,1627.02,1870.46,28,48283.16193791158,9,2,NIFTY50,1868.59,2022-01-14,TARGET,147.65,3889.66
VEDL,MOM,13.0,178.62,2022-01-05,164.8,199.34,279,49834.7719410561,12,2,MIDCAP,172.94,2022-01-20,TIME,144.37,-1729.87
HFCL,MOM,13.0,87.1,2022-01-07,77.99,100.76,574,49992.753014941096,12,2,MIDCAP,77.83,2022-01-24,SL,139.64,-5458.31
ADANIENT,MOM,13.0,1874.53,2022-01-17,1766.6,2036.43,26,48737.80641804004,6,2,NIFTY50,1764.83,2022-01-24,SL,139.37,-2991.48
LT,MOM,13.0,1885.72,2022-01-21,1807.99,2002.32,26,49028.73031641603,2,2,NIFTY50,1806.18,2022-01-24,SL,141.32,-2209.31
SBIN,MOM,12.0,491.39,2022-02-02,463.52,533.2,101,49630.39578644849,9,2,NIFTY50,463.06,2022-02-14,SL,141.99,-3003.68
GRASIM,MOM,12.0,1741.02,2022-02-02,1632.97,1903.11,28,48748.61115151647,9,2,NIFTY50,1631.34,2022-02-14,SL,139.1,-3210.22
HINDALCO,MOM,13.0,500.95,2022-02-02,471.85,544.6,99,49593.97741437442,12,2,NIFTY50,516.99,2022-02-17,TIME,148.09,1439.41
HAL,MOM,13.0,693.71,2022-03-21,642.94,769.86,72,49946.86424680521,12,2,MIDCAP,735.84,2022-04-05,TIME,151.15,2882.11
DSSL,MOM,12.0,233.84,2022-03-21,196.29,290.16,213,49808.10897335598,12,2,SMALLCAP,221.8,2022-04-05,TIME,142.93,-2707.25
VEDL,MOM,12.0,210.45,2022-03-21,194.08,235.0,237,49875.70447297342,12,2,MIDCAP,229.25,2022-04-05,TIME,152.92,4303.39
BEL,MOM,13.0,69.54,2022-04-06,65.53,75.55,719,49998.43364879275,2,2,NIFTY50,75.47,2022-04-07,TARGET,153.02,4113.85
HAL,MOM,13.0,756.51,2022-04-08,707.02,830.75,66,49929.73010470984,5,2,MIDCAP,829.09,2022-04-18,TARGET,153.55,4636.63
COALINDIA,MOM,12.0,139.52,2022-04-06,131.07,152.2,358,49949.7991050913,10,2,NIFTY50,152.05,2022-04-21,TARGET,153.18,4331.77
TATASTEEL,MOM,13.0,119.17,2022-04-19,112.21,129.6,419,49931.024467022224,4,2,NIFTY50,112.1,2022-04-22,SL,142.74,-3106.0
ADANIENT,MOM,13.0,2152.06,2022-04-06,2028.33,2337.67,23,49497.463585893,12,2,NIFTY50,2277.85,2022-04-25,TIME,149.63,2743.57
COALINDIA,MOM,13.0,152.35,2022-04-22,141.73,168.29,328,49971.830737565295,2,2,NIFTY50,141.59,2022-04-25,SL,142.06,-3671.91
HAL,MOM,11.0,792.2,2022-04-25,736.67,875.49,63,49908.321693720965,10,1,MIDCAP,735.2,2022-05-09,SL,141.79,-3733.0
VEDL,MOM,11.0,226.27,2022-04-27,211.63,248.23,220,49779.538628672475,8,1,MIDCAP,211.21,2022-05-09,SL,141.79,-3455.71
COALINDIA,MOM,12.0,141.08,2022-04-27,129.95,157.77,354,49941.37944160899,9,1,NIFTY50,129.82,2022-05-10,SL,141.34,-4127.36
BEL,MOM,10.0,75.95,2022-07-08,71.39,82.79,658,49975.40954714375,7,1,NIFTY50,82.71,2022-07-18,TARGET,153.21,4293.03
ITC,MOM,11.0,242.17,2022-07-08,232.33,256.92,206,49886.20887596374,12,1,NIFTY50,248.45,2022-07-25,TIME,148.54,1144.79
POWERINDIA,MOM,10.0,3337.39,2022-07-08,3100.66,3692.49,14,46723.51355916892,12,1,MIDCAP,3094.46,2022-07-25,SL,132.69,-3533.73
BEL,MOM,11.0,80.89,2022-07-19,76.13,88.05,618,49992.95287417464,8,1,NIFTY50,87.96,2022-07-28,TARGET,153.14,4217.33
EICHERMOT,MOM,11.0,2960.59,2022-07-29,2807.44,3190.33,16,47369.51548618722,3,1,NIFTY50,2804.63,2022-08-02,SL,135.85,-2631.17
ICICIBANK,MOM,11.0,778.35,2022-07-26,748.98,822.4,64,49814.09105730732,11,1,NIFTY50,821.58,2022-08-10,TARGET,150.39,2616.18
COALINDIA,MOM,11.0,148.95,2022-07-26,141.24,160.53,335,49898.89381554114,11,1,NIFTY50,160.37,2022-08-10,TARGET,152.11,3673.41
ITC,MOM,12.0,257.05,2022-08-03,248.69,269.59,194,49867.35574516764,12,1,NIFTY50,259.42,2022-08-22,TIME,147.32,312.98
ICICIBANK,MOM,12.0,840.11,2022-08-11,811.31,883.31,59,49566.547103929006,12,1,NIFTY50,834.34,2022-08-29,TIME,145.33,-485.88
HAL,MOM,12.0,1037.75,2022-08-11,978.42,1126.74,48,49812.12027760684,12,1,MIDCAP,1089.54,2022-08-29,TIME,149.98,2336.11
ADANIENT,MOM,12.0,3031.52,2022-08-23,2861.66,3286.32,16,48504.38474907243,8,1,NIFTY50,3283.03,2022-09-02,TARGET,148.28,3875.94
EICHERMOT,MOM,13.0,3211.14,2022-08-30,3019.85,3498.09,15,48167.148122067825,12,1,NIFTY50,3494.59,2022-09-15,TARGET,147.61,4104.17
POWERINDIA,MOM,12.0,3680.08,2022-08-30,3377.86,4133.41,13,47840.997259608186,12,1,MIDCAP,3495.42,2022-09-15,TIME,137.37,-2537.97
ADANIENT,MOM,12.0,3372.85,2022-09-05,3169.76,3677.47,14,47219.863065119134,9,1,NIFTY50,3673.79,2022-09-15,TARGET,144.78,4068.42
MARUTI,MOM,13.0,8950.44,2022-09-16,8571.6,9518.7,5,44752.18548512109,7,1,NIFTY50,8563.03,2022-09-26,SL,128.93,-2065.99
SBIN,MOM,12.0,529.24,2022-09-16,507.96,561.15,94,49748.14748066813,7,1,NIFTY50,506.55,2022-09-26,SL_GAP,143.36,-2275.88
GRAVITA,MOM,12.0,324.82,2022-09-16,300.29,361.61,153,49697.1701098451,7,1,SMALLCAP,299.09,2022-09-26,SL,140.69,-4077.56
ITC,MOM,13.0,286.9,2022-10-20,275.81,303.52,174,49919.778199287226,12,2,NIFTY50,291.69,2022-11-07,TIME,148.0,684.67
GRAVITA,MOM,12.0,351.19,2022-10-20,322.73,393.86,142,49868.343415618234,12,2,SMALLCAP,359.53,2022-11-07,TIME,148.34,1035.57
HAL,MOM,12.0,1177.87,2022-10-20,1099.66,1295.18,42,49470.52999999056,12,2,MIDCAP,1233.95,2022-11-07,TIME,148.8,2206.41
VEDL,MOM,14.0,198.41,2022-11-09,183.19,221.24,252,49998.75229178231,12,2,MIDCAP,199.57,2022-11-24,TIME,147.47,145.75
BHARTIARTL,MOM,13.0,809.93,2022-11-09,777.32,858.84,61,49405.70667556831,12,2,NIFTY50,832.0,2022-11-24,TIME,147.2,1198.81
LT,MOM,12.0,1951.2,2022-11-09,1869.33,2074.01,25,48780.11084315596,12,2,NIFTY50,1973.41,2022-11-24,TIME,144.26,411.08
HINDZINC,MOM,13.0,228.32,2022-11-25,219.2,242.0,218,49773.48647845204,7,2,MIDCAP,241.52,2022-12-05,TARGET,150.42,2726.31
DSSL,MOM,12.0,332.82,2022-11-25,302.02,379.01,150,49922.33429318422,8,2,SMALLCAP,379.34,2022-12-06,TARGET_GAP,156.59,6821.44
LT,MOM,13.0,2005.11,2022-12-06,1935.99,2108.81,24,48122.739773909096,4,2,NIFTY50,2106.7,2022-12-09,TARGET,144.95,2293.24
ADANIENT,MOM,13.0,3927.54,2022-11-25,3696.51,4274.09,12,47130.496853383826,12,2,NIFTY50,4007.19,2022-12-12,TIME,139.96,815.8
GRAVITA,MOM,13.0,455.42,2022-12-13,415.93,514.65,109,49640.58130769258,4,2,SMALLCAP,414.27,2022-12-16,SL,139.75,-4625.51
SBIN,MOM,13.0,568.06,2022-12-07,549.03,596.6,88,49989.38106653543,11,2,NIFTY50,548.48,2022-12-21,SL,144.64,-1867.59
DSSL,MOM,13.0,360.98,2022-12-12,324.83,415.22,138,49815.87941788104,8,2,SMALLCAP,323.53,2022-12-21,SL,139.31,-5307.32
ADANIENT,MOM,13.0,3946.53,2022-12-22,3727.55,4275.01,12,47358.41329529034,2,2,NIFTY50,3723.82,2022-12-23,SL,135.57,-2808.06
AXISBANK,MOM,13.0,934.46,2022-12-22,901.93,983.26,53,49526.403127856815,2,2,NIFTY50,901.03,2022-12-23,SL,143.2,-1915.09
GRAVITA,MOM,13.0,421.43,2022-12-19,380.12,483.41,118,49729.03723475631,12,2,SMALLCAP,441.19,2023-01-03,TIME,149.53,2182.04
DATAPATTNS,MOM,14.0,1431.29,2023-04-06,1313.21,1608.42,34,48664.002760191026,4,2,SMALLCAP,1601.99,2023-04-12,TARGET,151.24,5652.43
LT,MOM,13.0,2175.42,2023-04-06,2080.07,2318.44,22,47859.21244822447,12,2,NIFTY50,2161.65,2023-04-25,TIME,140.35,-443.33
COALINDIA,MOM,12.0,181.87,2023-04-06,174.6,192.79,274,49833.241703320346,12,2,NIFTY50,187.87,2023-04-25,TIME,148.88,1496.27
ITC,MOM,13.0,332.35,2023-04-13,320.59,349.99,150,49852.986378423324,10,2,NIFTY50,349.64,2023-04-27,TARGET,150.26,2443.24
SHRIRAMFIN,MOM,13.0,272.58,2023-04-26,259.07,292.84,183,49881.8106915984,3,2,NIFTY50,255.06,2023-04-28,SL_GAP,142.25,-3348.76
ICICIBANK,MOM,12.0,890.32,2023-04-26,858.8,937.6,56,49857.88559885084,12,2,NIFTY50,920.17,2023-05-12,TIME,148.99,1522.88
DATAPATTNS,MOM,13.0,1668.51,2023-05-02,1528.81,1878.08,29,48386.917374589,10,2,SMALLCAP,1522.69,2023-05-15,SL,136.42,-4365.06
NESTLEIND,MOM,13.0,1029.95,2023-04-28,994.28,1083.47,48,49437.72568509304,12,2,NIFTY50,1056.94,2023-05-16,TIME,147.23,1148.09
EICHERMOT,MOM,13.0,3509.08,2023-05-15,3366.28,3723.27,14,49127.07082657066,12,2,NIFTY50,3548.71,2023-05-30,TIME,145.28,409.56
LT,MOM,12.0,2172.38,2023-05-16,2077.85,2314.19,23,49964.82456375615,12,2,NIFTY50,2120.97,2023-05-31,TIME,145.32,-1327.7
COALINDIA,MOM,13.0,202.68,2023-05-31,196.01,212.68,246,49859.48199709979,1,2,NIFTY50,195.81,2023-05-31,SL,144.3,-1833.34
HAL,MOM,13.0,1507.98,2023-05-17,1440.09,1609.82,33,49763.296256837646,12,2,MIDCAP,1487.93,2023-06-01,TIME,145.45,-807.16
AXISBANK,MOM,14.0,921.13,2023-06-02,891.14,966.12,54,49741.15243743263,3,2,NIFTY50,965.15,2023-06-06,TARGET,149.63,2227.66
DSSL,MOM,13.0,499.07,2023-06-07,459.21,558.87,100,49907.29822480886,2,2,SMALLCAP,457.37,2023-06-08,SL,140.98,-4310.66
VEDL,MOM,13.0,226.6,2023-06-01,217.55,240.17,220,49852.052043067866,12,2,MIDCAP,227.36,2023-06-16,TIME,146.87,20.32
COALINDIA,MOM,13.0,188.37,2023-06-01,181.18,199.17,265,49918.83975702817,12,2,NIFTY50,186.49,2023-06-16,TIME,146.13,-645.1
DSSL,MOM,13.0,466.09,2023-06-09,424.22,528.9,107,49871.86342984766,10,2,SMALLCAP,526.78,2023-06-22,TARGET,155.76,6338.54
GRASIM,MOM,13.0,1761.0,2023-06-19,1699.2,1853.7,28,49308.02888212205,5,2,NIFTY50,1697.5,2023-06-23,SL,142.56,-1920.54
APOLLOHOSP,MOM,13.0,5182.04,2023-06-19,4952.78,5525.94,9,46638.3643787468,12,2,NIFTY50,5030.65,2023-07-05,TIME,135.28,-1497.75
SHRIRAMFIN,MOM,13.0,325.11,2023-06-23,303.25,357.9,153,49741.721112994455,12,2,NIFTY50,337.42,2023-07-11,TIME,148.94,1735.16
BEL,MOM,13.0,117.93,2023-06-26,111.83,127.07,423,49882.777484058104,12,2,NIFTY50,124.16,2023-07-12,TIME,150.41,2484.32
ITC,MOM,13.0,410.14,2023-07-06,397.04,429.8,121,49627.53850672588,12,2,NIFTY50,420.56,2023-07-21,TIME,147.73,1112.93
LT,MOM,13.0,2376.07,2023-07-13,2301.24,2488.33,21,49897.56749437385,7,2,NIFTY50,2485.84,2023-07-21,TARGET,149.99,2155.22
ITC,MOM,13.0,423.98,2023-07-24,410.03,444.9,117,49605.459856824615,1,2,NIFTY50,409.62,2023-07-24,SL,143.57,-1823.69
INDUSINDBK,MOM,13.0,1358.24,2023-07-12,1301.64,1443.15,36,48896.74791851091,12,2,NIFTY50,1398.66,2023-07-27,TIME,145.86,1309.15
SHRIRAMFIN,MOM,13.0,353.48,2023-07-24,334.42,382.07,141,49840.831167362696,12,2,NIFTY50,356.72,2023-08-08,TIME,147.24,309.98
GRAVITA,MOM,14.0,638.06,2023-07-25,592.61,706.24,78,49768.710671152,12,2,SMALLCAP,682.98,2023-08-09,TIME,151.28,3352.81
LT,MOM,13.0,2563.14,2023-07-28,2472.78,2698.69,19,48699.75126817021,12,2,NIFTY50,2586.89,2023-08-14,TIME,143.88,307.29
SHRIRAMFIN,MOM,13.0,359.66,2023-08-09,341.0,387.66,139,49993.34248618043,4,2,NIFTY50,340.66,2023-08-14,SL,143.36,-2784.5
DRREDDY,MOM,13.0,1162.89,2023-08-10,1120.5,1226.48,42,48841.41390515519,12,2,NIFTY50,1140.0,2023-08-28,TIME,142.32,-1103.65
GRAVITA,MOM,13.0,744.22,2023-08-16,695.92,816.68,67,49862.900009233446,12,2,SMALLCAP,767.59,2023-08-31,TIME,148.85,1416.97
SHRIRAMFIN,MOM,12.0,348.3,2023-08-16,330.42,375.11,143,49806.39020852293,12,2,NIFTY50,369.54,2023-08-31,TIME,150.75,2887.08
MCX,MOM,13.0,359.77,2023-09-04,339.58,390.05,138,49647.97661967341,7,2,MIDCAP,338.9,2023-09-12,SL,142.02,-3021.96
GRAVITA,MOM,13.0,782.1,2023-09-04,738.46,847.57,63,49272.53337234781,7,2,SMALLCAP,735.51,2023-09-12,SL,140.83,-3076.24
GRAVITA,MOM,14.0,753.1,2023-09-13,704.25,826.39,66,49704.72800308573,1,2,SMALLCAP,701.43,2023-09-13,SL,141.44,-3551.46
GRAVITA,MOM,14.0,756.14,2023-09-14,701.51,838.07,66,49905.00286209965,3,2,SMALLCAP,834.72,2023-09-18,TARGET,154.03,5032.1
SHRIRAMFIN,MOM,13.0,368.11,2023-09-04,350.87,393.98,135,49695.31809932301,12,2,NIFTY50,367.55,2023-09-20,TIME,146.06,-221.6
GRAVITA,MOM,13.0,812.6,2023-09-21,751.0,904.99,61,49568.47355137738,5,2,SMALLCAP,901.37,2023-09-27,TARGET,153.36,5261.61
HCLTECH,MOM,13.0,1151.22,2023-09-20,1112.47,1209.36,43,49502.66902382824,7,2,NIFTY50,1111.36,2023-09-28,SL,143.22,-1857.31
LT,MOM,13.0,2868.43,2023-09-13,2764.4,3024.48,17,48763.34582628182,12,2,NIFTY50,2940.55,2023-09-29,TIME,145.14,1080.96
GRAVITA,MOM,13.0,908.31,2023-09-28,831.47,1023.57,55,49956.989627834766,12,2,SMALLCAP,968.73,2023-10-16,TIME,151.58,3171.49
LT,MOM,13.0,2962.96,2023-10-03,2858.63,3119.45,16,47407.3351808613,12,2,NIFTY50,2962.0,2023-10-18,TIME,139.43,-154.82
MCX,MOM,13.0,406.33,2023-10-03,372.82,456.58,123,49978.09901279307,12,2,MIDCAP,435.67,2023-10-18,TIME,152.04,3457.07
LT,MOM,12.0,2948.44,2023-10-19,2851.78,3093.43,16,47175.01952082792,4,2,NIFTY50,2848.93,2023-10-25,SL,136.54,-1728.73
DSSL,MOM,13.0,699.81,2023-10-19,638.65,791.55,71,49686.5915677316,5,2,SMALLCAP,636.1,2023-10-26,SL,139.83,-4663.57
POWERGRID,MOM,13.0,183.97,2023-10-17,176.88,194.61,271,49856.880070910105,12,2,NIFTY50,183.2,2023-11-02,TIME,146.35,-354.96
INDUSINDBK,MOM,14.0,1485.01,2023-11-16,1427.09,1571.9,33,49005.45380392396,12,2,NIFTY50,1496.52,2023-12-04,TIME,144.68,235.19
COALINDIA,MOM,13.0,293.67,2023-11-16,279.77,314.51,170,49923.2697151822,12,2,NIFTY50,308.0,2023-12-04,TIME,150.25,2285.46
MCX,MOM,13.0,581.18,2023-11-16,533.77,652.28,86,49981.290085305816,12,2,MIDCAP,613.64,2023-12-04,TIME,150.92,2640.54
SHRIRAMFIN,MOM,13.0,406.22,2023-12-05,387.24,434.7,123,49965.47321257138,6,2,NIFTY50,386.85,2023-12-12,SL,143.64,-2525.81
COALINDIA,MOM,13.0,309.48,2023-12-05,295.2,330.91,161,49826.99446411997,12,2,NIFTY50,305.78,2023-12-20,TIME,145.73,-740.87
HEROMOTOCO,MOM,13.0,3481.24,2023-12-05,3316.92,3727.73,14,48737.41397583343,12,2,NIFTY50,3490.3,2023-12-20,TIME,143.53,-16.74
DIXON,MOM,13.0,6364.1,2023-12-13,5967.97,6958.3,7,44548.73204866831,12,2,MIDCAP,6548.36,2023-12-29,TIME,132.84,1156.98
LT,MOM,12.0,3447.77,2024-01-01,3329.81,3624.71,14,48268.790323600784,3,2,NIFTY50,3326.48,2024-01-03,SL,139.61,-1837.67
SHRIRAMFIN,MOM,13.0,387.38,2023-12-21,365.01,420.94,129,49972.13244588149,11,2,NIFTY50,420.52,2024-01-05,TARGET,152.95,4121.99
DCXINDIA,MOM,13.0,333.33,2023-12-21,299.79,383.63,150,49999.2,12,2,SMALLCAP,345.16,2024-01-08,TIME,149.54,1625.53
LT,MOM,13.0,3353.29,2024-01-04,3234.2,3531.93,14,46946.1065322887,12,2,NIFTY50,3528.4,2024-01-19,TARGET,141.5,2310.01
BAJAJ-AUTO,MOM,13.0,6702.73,2024-01-08,6409.15,7143.11,7,46919.1315654302,12,2,NIFTY50,6874.14,2024-01-24,TIME,139.68,1060.16
COALINDIA,MOM,13.0,333.8,2024-01-09,316.6,359.61,149,49736.627204200624,12,2,NIFTY50,338.13,2024-01-25,TIME,147.2,497.81
LT,MOM,13.0,3544.83,2024-01-23,3416.39,3737.48,14,49627.629840725764,6,2,NIFTY50,3412.97,2024-01-31,SL,143.4,-1989.39
POWERGRID,MOM,14.0,225.5,2024-01-25,214.17,242.51,221,49836.28657019528,5,2,NIFTY50,242.27,2024-02-01,TARGET,151.76,3553.86
COALINDIA,MOM,13.0,341.85,2024-01-29,322.63,370.68,146,49910.25074340077,6,2,NIFTY50,370.31,2024-02-05,TARGET,152.61,4002.45
SHRIRAMFIN,MOM,13.0,467.62,2024-02-01,440.48,508.33,106,49567.61025758467,8,2,NIFTY50,440.04,2024-02-12,SL,141.72,-3065.25
COALINDIA,MOM,13.0,387.01,2024-02-06,363.38,422.45,129,49924.0032933289,9,2,NIFTY50,422.03,2024-02-16,TARGET,153.15,4364.11
DRREDDY,MOM,13.0,1189.76,2024-02-02,1133.93,1273.5,42,49969.805781254996,12,2,NIFTY50,1272.23,2024-02-19,TARGET,151.82,3311.77
BPCL,MOM,13.0,294.56,2024-02-19,271.02,329.87,169,49780.86765165413,6,2,NIFTY50,270.75,2024-02-26,SL,140.81,-4164.87
SHRIRAMFIN,MOM,13.0,482.08,2024-02-27,454.32,523.72,103,49653.94158136563,1,2,NIFTY50,453.87,2024-02-27,SL,142.0,-3048.07
HEROMOTOCO,MOM,14.0,4333.68,2024-02-13,4105.32,4676.22,11,47670.49537828152,12,2,NIFTY50,4101.21,2024-02-28,SL,136.65,-2693.77
COALINDIA,MOM,13.0,403.04,2024-02-20,372.45,448.92,124,49976.85814889215,12,2,NIFTY50,405.44,2024-03-06,TIME,147.42,150.15
HAL,MOM,14.0,3025.05,2024-02-29,2847.6,3291.24,16,48400.87893537656,7,2,MIDCAP,3286.5,2024-03-11,TARGET_GAP,148.2,4034.93
ADANIENT,MOM,13.0,3240.37,2024-03-07,3071.68,3493.39,15,48605.49119603896,4,2,NIFTY50,3068.61,2024-03-13,SL,139.37,-2715.8
DIXON,MOM,14.0,6739.1,2024-02-28,6345.04,7330.2,7,47173.71709032418,12,2,MIDCAP,6942.5,2024-03-15,TIME,140.75,1283.07
BAJAJ-AUTO,MOM,14.0,8247.84,2024-03-12,7781.81,8946.89,6,49487.03661428217,4,2,NIFTY50,7774.03,2024-03-15,SL,141.59,-2984.46
HAL,MOM,13.0,3077.08,2024-03-18,2852.37,3414.13,16,49233.203287092,3,2,MIDCAP,2846.67,2024-03-20,SL,139.67,-3826.31
ADANIPORTS,MOM,13.0,1239.87,2024-03-18,1156.61,1364.77,40,49594.889801808735,9,2,NIFTY50,1363.41,2024-04-01,TARGET,152.78,4788.63
BHARTIARTL,MOM,13.0,1158.92,2024-03-14,1100.55,1246.49,43,49833.68589191238,12,2,NIFTY50,1190.4,2024-04-02,TIME,148.47,1205.21
POWERINDIA,MOM,13.0,7249.83,2024-03-22,6623.87,8188.76,6,43498.95864429523,12,2,MIDCAP,7473.32,2024-04-10,TIME,129.82,1211.1
DIXON,MOM,13.0,7929.48,2024-04-03,7502.13,8570.49,6,47576.85067293639,9,2,MIDCAP,7487.13,2024-04-16,SL,136.24,-2790.37
HAL,MOM,13.0,3373.21,2024-04-02,3148.07,3710.93,14,47224.96996652731,12,2,MIDCAP,3663.78,2024-04-19,TIME,144.59,3923.44
POWERINDIA,MOM,13.0,7525.0,2024-04-12,6918.15,8435.28,6,45149.99498805777,5,2,MIDCAP,8418.41,2024-04-19,TARGET,140.29,5220.17
DIXON,MOM,13.0,7894.88,2024-04-23,7439.69,8577.68,6,47369.3019980839,4,2,MIDCAP,8560.52,2024-04-26,TARGET,144.91,3848.96
MCX,MOM,13.0,783.54,2024-04-23,726.57,869.01,63,49363.22882691993,12,2,MIDCAP,746.47,2024-05-09,TIME,141.94,-2477.46
DATAPATTNS,MOM,13.0,2916.91,2024-04-23,2600.36,3391.74,17,49587.46629263486,12,2,SMALLCAP,2823.01,2024-05-09,TIME,143.63,-1739.95
DIXON,MOM,13.0,8578.3,2024-04-29,8069.09,9342.12,5,42891.50006597302,11,2,MIDCAP,8052.95,2024-05-14,SL,122.5,-2749.24
DIXON,MOM,13.0,8319.94,2024-05-17,7838.55,9042.02,6,49919.650358357685,1,2,MIDCAP,9023.94,2024-05-17,TARGET,152.73,4071.25
HAL,MOM,13.0,4554.77,2024-05-17,4260.38,4996.35,10,45547.68605699966,5,2,MIDCAP,4986.36,2024-05-24,TARGET,140.0,4175.87
COALINDIA,MOM,13.0,412.81,2024-05-17,386.42,452.39,121,49949.79144151182,11,2,NIFTY50,452.34,2024-06-03,TARGET_GAP,153.6,4629.89
DIXON,MOM,13.0,8972.77,2024-05-21,8411.27,9815.03,5,44863.856921534636,10,2,MIDCAP,9795.4,2024-06-03,TARGET,137.71,3975.44
DATAPATTNS,MOM,14.0,3081.79,2024-05-27,2751.52,3577.19,16,49308.60487902532,7,2,SMALLCAP,2740.51,2024-06-04,SL,137.42,-5597.84
COALINDIA,MOM,13.0,450.92,2024-06-04,423.64,491.83,110,49600.789090871935,1,2,NIFTY50,423.22,2024-06-04,SL,141.65,-3189.05
GRAVITA,MOM,13.0,1055.74,2024-06-04,955.03,1206.81,47,49619.80905762708,1,2,SMALLCAP,951.21,2024-06-04,SL,139.1,-5052.02
DIXON,MOM,13.0,9560.42,2024-06-06,8777.23,10735.22,5,47802.11725115363,6,2,MIDCAP,10713.75,2024-06-13,TARGET,148.66,5617.99
HFCL,MOM,13.0,112.52,2024-06-14,101.54,129.0,444,49960.83390761442,3,2,MIDCAP,128.74,2024-06-19,TARGET,157.0,7045.57
SBIN,MOM,13.0,771.14,2024-06-06,705.3,869.89,64,49352.76759676139,12,2,NIFTY50,801.05,2024-06-24,TIME,147.84,1766.63
HEROMOTOCO,MOM,13.0,5297.05,2024-06-06,4964.3,5796.18,9,47673.445991991604,12,2,NIFTY50,5164.33,2024-06-24,TIME,138.56,-1333.02
SHRIRAMFIN,MOM,13.0,546.27,2024-06-20,509.43,601.53,91,49710.24278824227,12,2,NIFTY50,557.09,2024-07-05,TIME,147.6,837.11
HEROMOTOCO,MOM,12.0,5213.5,2024-06-25,4910.6,5667.85,9,46921.46919132923,12,2,NIFTY50,5149.66,2024-07-10,TIME,137.22,-711.81
GRAVITA,MOM,12.0,1498.98,2024-06-25,1322.47,1763.74,33,49466.358033255994,12,2,SMALLCAP,1360.17,2024-07-10,TIME,139.11,-4719.78
MCX,MOM,13.0,797.28,2024-07-08,743.98,877.23,62,49431.375083309016,3,2,MIDCAP,742.49,2024-07-10,SL,140.66,-3537.51
BEL,MOM,13.0,330.9,2024-07-11,308.01,365.25,151,49966.48074264526,5,2,NIFTY50,307.7,2024-07-18,SL,142.08,-3644.98
POWERINDIA,MOM,12.0,12874.95,2024-07-11,11482.54,14963.57,3,38624.85432661825,6,2,MIDCAP,11459.57,2024-07-19,SL,107.68,-4353.81
COALINDIA,MOM,12.0,433.01,2024-07-11,411.92,464.64,115,49795.7316726648,8,2,NIFTY50,411.51,2024-07-23,SL,143.02,-2615.74
BEL,MOM,13.0,305.65,2024-07-19,284.31,337.67,163,49821.69218302407,3,2,NIFTY50,284.03,2024-07-23,SL,141.63,-3666.39
COALINDIA,MOM,14.0,428.34,2024-07-24,402.47,467.15,116,49687.65467728439,7,2,NIFTY50,469.91,2024-08-01,TARGET_GAP,152.88,4669.2
EICHERMOT,MOM,13.0,4806.64,2024-07-24,4591.86,5128.82,10,48066.44039546871,8,2,NIFTY50,4587.27,2024-08-02,SL,138.32,-2332.04
DSSL,MOM,12.0,1262.99,2024-07-22,1133.67,1456.97,39,49256.636770271354,12,2,SMALLCAP,1201.82,2024-08-06,TIME,141.56,-2527.0
SHRIRAMFIN,MOM,13.0,576.68,2024-08-02,536.15,637.48,86,49594.697006311675,12,2,NIFTY50,617.52,2024-08-20,TIME,150.78,3361.25
COALINDIA,MOM,13.0,453.25,2024-08-05,426.21,493.81,110,49857.33726359865,12,2,NIFTY50,472.13,2024-08-21,TIME,149.55,1926.99
POWERGRID,MOM,13.0,323.98,2024-08-07,304.95,352.52,154,49893.08197213845,12,2,NIFTY50,316.97,2024-08-23,TIME,145.25,-1224.42
BHARTIARTL,MOM,12.0,1462.94,2024-08-22,1399.95,1557.43,34,49740.08089749853,6,2,NIFTY50,1555.87,2024-08-29,TARGET,150.71,3009.0
MCX,MOM,13.0,951.98,2024-08-21,886.41,1050.32,52,49502.71396065728,11,2,MIDCAP,1048.22,2024-09-04,TARGET,152.6,4851.85
COALINDIA,MOM,13.0,481.78,2024-08-26,456.1,520.31,103,49623.760372912795,8,2,NIFTY50,455.64,2024-09-04,SL,142.2,-2834.22
BAJAJ-AUTO,MOM,13.0,10430.96,2024-08-30,10009.24,11063.53,4,41723.82308539617,10,2,NIFTY50,11052.47,2024-09-12,TARGET,126.19,2359.84
NETWEB,MOM,13.0,2688.47,2024-09-05,2439.35,3062.14,18,48392.39589707112,12,2,SMALLCAP,2668.39,2024-09-20,TIME,141.84,-503.32
VEDL,MOM,13.0,407.41,2024-09-05,385.78,439.86,122,49704.35384482018,12,2,MIDCAP,411.82,2024-09-20,TIME,146.95,390.95
BAJAJ-AUTO,MOM,13.0,11286.32,2024-09-13,10840.44,11955.15,4,45145.290395551245,8,2,NIFTY50,11943.19,2024-09-24,TARGET,136.46,2491.04
VEDL,MOM,14.0,416.27,2024-09-23,393.54,450.37,120,49952.673582148695,4,2,MIDCAP,449.47,2024-09-26,TARGET,152.49,3831.42
HFCL,MOM,13.0,156.56,2024-09-25,141.78,178.73,319,49942.14703256556,6,2,MIDCAP,141.5,2024-10-03,SL,140.2,-4945.48
ULTRACEMCO,MOM,13.0,11772.21,2024-09-23,11358.73,12392.43,4,47088.85614593482,9,2,NIFTY50,11347.37,2024-10-04,SL,136.14,-1835.49
VEDL,MOM,13.0,464.98,2024-09-27,439.53,503.14,107,49752.34704067154,12,2,MIDCAP,448.34,2024-10-15,TIME,143.86,-1924.59
BPCL,MOM,14.0,315.56,2024-10-04,295.13,346.2,158,49858.39634007282,12,2,NIFTY50,304.95,2024-10-21,TIME,144.32,-1820.32
POWERINDIA,MOM,12.0,15994.8,2024-10-15,14422.63,18353.05,3,47984.389955327664,6,2,MIDCAP,14393.78,2024-10-22,SL,134.44,-4937.49
DIXON,MOM,12.0,17406.01,2024-12-06,16315.91,19041.17,2,34812.022488593066,8,2,MIDCAP,19003.09,2024-12-17,TARGET,106.86,3087.3
SBIN,MOM,12.0,834.03,2024-12-06,797.45,888.91,59,49207.93785018624,10,2,NIFTY50,793.26,2024-12-19,SL_GAP,141.38,-2546.73
NETWEB,MOM,12.0,2908.48,2024-12-06,2648.99,3297.71,17,49444.114020915134,12,2,SMALLCAP,2638.39,2024-12-23,SL,139.03,-4730.49
DSSL,MOM,12.0,1602.53,2025-01-03,1465.03,1808.76,31,49678.28031930067,2,2,SMALLCAP,1459.17,2025-01-06,SL,139.92,-4584.08
SUNPHARMA,MOM,13.0,1850.47,2025-01-03,1782.79,1951.98,27,49962.56122539994,6,2,NIFTY50,1781.01,2025-01-10,SL,144.35,-2019.85
EICHERMOT,MOM,12.0,5262.09,2025-01-03,5015.27,5632.33,9,47358.84564608415,6,2,NIFTY50,5010.25,2025-01-10,SL,136.14,-2402.66
HINDALCO,MOM,10.0,710.5,2025-03-21,675.61,762.84,70,49735.31824950357,6,1,NIFTY50,674.93,2025-03-28,SL,142.82,-2632.41
SHRIRAMFIN,MOM,10.0,662.69,2025-03-21,617.75,730.1,75,49701.742676350295,11,1,NIFTY50,589.15,2025-04-07,SL_GAP,138.49,-5653.63
HDFCBANK,MOM,12.0,889.87,2025-04-01,861.29,932.75,56,49832.86695571005,5,1,NIFTY50,860.43,2025-04-07,SL,144.28,-1792.99
HDFCLIFE,MOM,11.0,676.61,2025-03-21,646.19,722.24,73,49392.35407236269,12,1,NIFTY50,683.18,2025-04-08,TIME,145.96,333.35
EICHERMOT,MOM,12.0,5483.45,2025-04-16,5197.42,5912.49,9,49351.02636740748,12,1,NIFTY50,5385.21,2025-05-05,TIME,143.93,-1028.07
HDFCBANK,MOM,12.0,930.27,2025-04-16,892.58,986.79,53,49304.180342875145,12,1,NIFTY50,954.53,2025-05-05,TIME,146.82,1138.92
BHARTIARTL,MOM,11.0,1789.24,2025-04-16,1699.92,1923.23,27,48309.600900827674,12,1,NIFTY50,1848.68,2025-05-05,TIME,144.34,1460.52
BEL,MOM,12.0,313.9,2025-05-06,295.98,340.77,159,49909.78474662205,7,1,NIFTY50,340.43,2025-05-14,TARGET,152.7,4065.45
POWERINDIA,MOM,12.0,16908.86,2025-05-15,15591.33,18885.15,2,33817.713556478804,1,1,MIDCAP,15560.15,2025-05-15,SL,95.7,-2793.13
BHARTIARTL,MOM,11.0,1874.52,2025-05-06,1787.67,2004.78,26,48737.45779927774,11,1,NIFTY50,1785.88,2025-05-20,SL,140.14,-2444.72
HDFCLIFE,MOM,11.0,737.6,2025-05-06,700.54,793.19,67,49419.20910457791,12,1,NIFTY50,756.85,2025-05-21,TIME,147.16,1142.48
GRAVITA,MOM,14.0,2062.02,2025-05-21,1853.27,2375.13,24,49488.365976562505,8,2,SMALLCAP,1845.86,2025-05-30,SL,138.32,-5326.23
SHRIRAMFIN,MOM,12.0,667.59,2025-05-16,614.53,747.19,74,49401.8708639269,12,1,NIFTY50,635.17,2025-06-02,TIME,141.96,-2541.03
BEL,MOM,13.0,380.87,2025-05-22,357.6,415.79,131,49894.52020951797,12,2,NIFTY50,387.76,2025-06-06,TIME,148.02,753.94
ICICIBANK,MOM,13.0,1455.24,2025-06-09,1409.63,1523.64,34,49478.035447542345,2,2,NIFTY50,1408.22,2025-06-10,SL,143.31,-1741.98
SBILIFE,MOM,14.0,1809.09,2025-06-03,1743.16,1908.0,27,48845.56408066391,9,2,NIFTY50,1715.89,2025-06-13,SL_GAP,140.16,-2656.43
BHARTIARTL,MOM,13.0,1830.54,2025-06-02,1765.48,1928.14,27,49424.60335160694,12,2,NIFTY50,1837.58,2025-06-17,TIME,145.65,44.52
BAJFINANCE,MOM,14.0,949.95,2025-06-11,907.1,1014.23,52,49397.34799999999,7,2,NIFTY50,906.19,2025-06-19,SL,142.12,-2417.49
MCX,MOM,13.0,1521.64,2025-06-16,1418.0,1677.1,32,48692.39740933154,8,2,MIDCAP,1673.75,2025-06-25,TARGET,150.01,4717.38
HDFCLIFE,MOM,13.0,761.56,2025-06-20,731.47,806.7,65,49501.45120574951,6,2,NIFTY50,805.89,2025-06-27,TARGET,149.62,2732.04
TECHM,MOM,13.0,1670.48,2025-06-18,1595.93,1782.32,29,48444.0491758111,12,2,NIFTY50,1623.26,2025-07-03,TIME,140.58,-1509.91
MCX,MOM,13.0,1771.88,2025-06-30,1655.41,1946.59,28,49612.72417580479,9,2,MIDCAP,1652.1,2025-07-10,SL,141.25,-3495.11
BEL,MOM,14.0,406.68,2025-06-26,386.37,437.14,122,49614.9828403567,12,2,NIFTY50,406.21,2025-07-11,TIME,145.86,-202.59
HDFCLIFE,MOM,14.0,784.68,2025-07-04,753.19,831.93,63,49435.087239624016,7,2,NIFTY50,752.44,2025-07-14,SL,142.57,-2173.89
SBILIFE,MOM,12.0,1849.18,2025-07-15,1789.13,1939.26,27,49927.84135013683,4,2,NIFTY50,1787.34,2025-07-18,SL,144.52,-1814.18
KOTAKBANK,MOM,13.0,440.29,2025-07-11,423.99,464.75,113,49753.07782558357,11,2,NIFTY50,423.57,2025-07-25,SL,143.7,-2033.51
BHARTIARTL,MOM,12.0,1901.02,2025-07-14,1830.97,2006.1,26,49426.588203382904,12,2,NIFTY50,1916.38,2025-07-29,TIME,145.94,253.47
TATASTEEL,MOM,11.0,163.46,2025-07-22,157.3,172.7,305,49856.307431716916,8,1,NIFTY50,157.14,2025-07-31,SL,143.95,-2070.73
SBILIFE,MOM,11.0,1869.27,2025-08-21,1801.29,1971.24,26,48601.05793203805,6,1,NIFTY50,1799.49,2025-08-29,SL,140.42,-1954.73
EICHERMOT,MOM,12.0,5995.99,2025-08-21,5789.98,6305.0,8,47967.92,8,1,NIFTY50,6304.19,2025-09-02,TARGET_GAP,144.53,2321.07
DIXON,MOM,11.0,16951.31,2025-08-21,16130.2,18182.97,2,33902.61305594871,12,1,MIDCAP,17961.99,2025-09-08,TIME,102.54,1918.83
APOLLOHOSP,MOM,12.0,7872.92,2025-09-11,7612.97,8262.85,6,47237.54150670803,8,2,NIFTY50,7593.81,2025-09-22,SL_GAP,136.61,-1811.29
NETWEB,MOM,12.0,3132.48,2025-09-11,2799.19,3632.41,15,46987.2,11,2,SMALLCAP,3617.88,2025-09-25,TARGET,148.37,7132.64
EICHERMOT,MOM,13.0,6811.8,2025-09-11,6522.36,7245.97,7,47682.634999999995,12,2,NIFTY50,7039.95,2025-09-26,TIME,142.48,1454.59
NETWEB,MOM,12.0,3649.24,2025-09-26,3271.66,4215.61,13,47440.10376269531,5,2,SMALLCAP,4198.75,2025-10-03,TARGET,149.51,6994.09
VEDL,MOM,12.0,451.82,2025-09-23,431.51,482.29,110,49700.32372711257,12,2,MIDCAP,475.29,2025-10-09,TIME,149.79,2432.33
NETWEB,MOM,12.0,4335.27,2025-10-06,3868.15,5035.95,11,47687.992,5,2,SMALLCAP,3852.68,2025-10-10,SL,132.86,-5441.38
TATASTEEL,MOM,13.0,176.18,2025-10-10,169.26,186.55,283,49857.808,3,2,NIFTY50,169.09,2025-10-14,SL,143.86,-2150.12
MCX,MOM,12.0,1743.48,2025-10-13,1651.42,1881.57,28,48817.44,2,2,MIDCAP,1877.81,2025-10-14,TARGET,148.84,3612.31
LT,MOM,12.0,3687.7,2025-10-06,3564.51,3872.48,13,47940.11292958296,12,2,NIFTY50,3846.74,2025-10-21,TIME,143.9,1923.61
BAJFINANCE,MOM,13.0,1027.03,2025-10-15,986.71,1087.5,48,49297.24799999999,5,2,NIFTY50,1086.41,2025-10-21,TARGET,148.98,2701.38
SBIN,MOM,12.0,863.41,2025-10-15,838.88,900.22,57,49214.653080161945,6,2,NIFTY50,899.32,2025-10-23,TARGET,147.62,1899.24
BHARTIARTL,MOM,12.0,2065.96,2025-10-23,2004.08,2158.79,24,49583.13125390625,1,2,NIFTY50,2002.08,2025-10-23,SL,143.7,-1676.92
BEL,MOM,14.0,420.63,2025-10-24,405.57,443.22,118,49634.493336022795,4,2,NIFTY50,405.16,2025-10-29,SL,143.45,-1968.39
BHARTIARTL,MOM,13.0,2010.01,2025-10-24,1943.49,2109.79,24,48240.191999999995,4,2,NIFTY50,2107.68,2025-10-29,TARGET,145.17,2198.92
BEL,MOM,14.0,406.48,2025-10-30,391.5,428.95,123,49996.71421727772,3,2,NIFTY50,428.52,2025-11-03,TARGET,150.85,2560.2
TATASTEEL,MOM,13.0,184.58,2025-10-30,177.32,195.48,270,49837.78635040283,5,2,NIFTY50,177.14,2025-11-06,SL,143.78,-2151.86
MCX,MOM,12.0,1834.16,2025-10-23,1735.62,1981.97,27,49522.347,12,2,MIDCAP,1902.29,2025-11-10,TIME,148.24,1691.21
BHARTIARTL,MOM,14.0,2050.05,2025-11-07,1977.24,2159.27,24,49201.151999999995,9,2,NIFTY50,2157.11,2025-11-19,TARGET,148.31,2421.15
BSE,MOM,14.0,2643.68,2025-11-11,2463.36,2914.15,18,47586.180638671874,7,2,MIDCAP,2908.32,2025-11-19,TARGET,146.62,4616.93
BEL,MOM,14.0,418.64,2025-11-04,401.27,444.69,119,49817.8948560925,12,2,NIFTY50,420.79,2025-11-20,TIME,146.89,108.44
HEROMOTOCO,MOM,13.0,5842.08,2025-11-20,5592.65,6216.23,8,46736.63598320693,9,2,NIFTY50,6210.01,2025-12-02,TARGET,141.58,2801.89
DATAPATTNS,MOM,13.0,3115.41,2025-11-21,2893.82,3447.81,16,49846.592,8,2,SMALLCAP,2882.24,2025-12-02,SL,141.41,-3872.05
VEDL,MOM,12.0,508.54,2025-11-20,484.82,544.11,98,49836.81896922894,12,2,MIDCAP,514.85,2025-12-05,TIME,147.45,471.18
VEDL,MOM,13.0,516.72,2025-12-08,493.12,552.12,96,49605.01984779608,7,2,MIDCAP,551.02,2025-12-16,TARGET,150.51,3141.88
MCX,MOM,12.0,2049.09,2025-12-03,1944.24,2206.37,24,49178.16,12,2,MIDCAP,2030.33,2025-12-18,TIME,144.03,-594.24
EICHERMOT,MOM,12.0,7097.09,2025-12-03,6811.85,7524.94,7,49679.63,12,2,NIFTY50,7099.39,2025-12-18,TIME,146.15,-130.03
HINDALCO,MOM,13.0,844.89,2025-12-17,811.27,895.33,59,49848.748229064935,11,2,NIFTY50,894.43,2026-01-01,TARGET,150.7,2772.44
MCX,MOM,12.0,2084.16,2025-12-22,1971.66,2252.92,23,47935.67999999999,9,2,MIDCAP,2248.41,2026-01-02,TARGET,146.27,3631.58
BPCL,MOM,14.0,371.89,2026-01-02,355.96,395.78,134,49833.448161718436,3,2,NIFTY50,355.6,2026-01-06,SL,143.54,-2325.86
SBILIFE,MOM,12.0,2026.91,2025-12-22,1959.39,2128.2,24,48645.83920846711,12,2,NIFTY50,2065.86,2026-01-07,TIME,144.39,790.35
HINDALCO,MOM,13.0,933.43,2026-01-05,897.39,987.49,53,49471.92249999999,5,2,NIFTY50,896.49,2026-01-09,SL,142.79,-2100.47
MCX,MOM,13.0,2255.5,2026-01-07,2137.34,2432.75,22,49621.044,6,2,MIDCAP,2427.88,2026-01-14,TARGET,151.25,3641.21
SBILIFE,MOM,13.0,2080.09,2026-01-08,2013.33,2180.23,24,49922.14398057117,10,2,NIFTY50,2011.32,2026-01-22,SL,144.54,-1795.1
SBIN,MOM,13.0,1131.75,2026-02-10,1077.17,1213.63,44,49797.04950513413,12,2,NIFTY50,1177.67,2026-02-25,TIME,149.29,1871.29
TATASTEEL,MOM,13.0,203.19,2026-02-10,191.53,220.69,246,49985.47689266967,12,2,NIFTY50,214.43,2026-02-25,TIME,150.88,2613.02
SHRIRAMFIN,MOM,12.0,1065.96,2026-02-10,999.23,1166.07,46,49034.38652416991,12,2,NIFTY50,1084.81,2026-02-25,TIME,145.44,721.85
DATAPATTNS,MOM,13.0,3550.14,2026-04-22,3216.74,4050.25,14,49702.016,2,1,SMALLCAP,4034.05,2026-04-23,TARGET,155.65,6619.08
VEDL,MOM,12.0,771.24,2026-04-22,722.74,843.98,64,49359.3223828125,3,1,MIDCAP,721.29,2026-04-24,SL,140.73,-3337.24
NETWEB,MOM,12.0,3919.62,2026-04-22,3592.69,4410.01,12,47035.392,10,1,SMALLCAP,4392.37,2026-05-06,TARGET,146.27,5526.73
COALINDIA,MOM,11.0,484.93,2026-04-30,459.62,522.91,103,49948.24960858154,5,1,NIFTY50,459.16,2026-05-07,SL,143.21,-2797.48
NETWEB,MOM,12.0,4394.51,2026-05-07,4015.3,4963.33,11,48339.587999999996,4,1,SMALLCAP,3999.24,2026-05-12,SL,136.12,-4484.1
DATAPATTNS,MOM,12.0,4145.52,2026-04-30,3730.26,4768.41,12,49746.191999999995,11,1,SMALLCAP,3715.34,2026-05-15,SL,139.12,-5301.29
BAJAJ-AUTO,MOM,12.0,10488.02,2026-05-08,9972.48,11261.34,4,41952.09478832986,9,1,NIFTY50,9962.51,2026-05-20,SL,120.47,-2222.52
MCX,MOM,11.0,3306.6,2026-05-25,3095.21,3623.68,15,49599.0,4,1,MIDCAP,3089.02,2026-05-29,SL,141.34,-3405.05
HINDALCO,MOM,11.0,1111.11,2026-05-25,1054.23,1196.43,45,49999.95,10,1,NIFTY50,1053.18,2026-06-08,SL,143.44,-2750.48
